Gene,PyPGx,PharmCAT,Notes
ABCG2,Reference,rs2231142 reference (G),synonym
ABCG2,rs2231142,rs2231142 variant (T),synonym
ABCG2,rs2231142 reference (G),rs2231142 reference (G),
ABCG2,rs2231142 variant (T),rs2231142 variant (T),
CACNA1S,c.3257G>A,c.3257G>A,
CACNA1S,c.520C>T,c.520C>T,
CACNA1S,Reference,Reference,
CFTR,2789 + 5G->A,2789 + 5G->A,
CFTR,3272-26A->G,3272-26A->G,
CFTR,3849 + 10kbC->T,3849 + 10kbC->T,
CFTR,711 + 3A->G,711 + 3A->G,
CFTR,A1067T,A1067T,
CFTR,A120T,A120T,
CFTR,A234D,A234D,
CFTR,A349V,A349V,
CFTR,A455E,A455E,
CFTR,D110E,D110E,
CFTR,D110H,D110H,
CFTR,D1152H,D1152H,
CFTR,D1270N,D1270N,
CFTR,D192G,D192G,
CFTR,D579G,D579G,
CFTR,D924N,D924N,
CFTR,E193K,E193K,
CFTR,E56K,E56K,
CFTR,E822K,E822K,
CFTR,E831X,E831X,
CFTR,F1052V,F1052V,
CFTR,F1074L,F1074L,
CFTR,F311del,F311del,
CFTR,F311L,F311L,
CFTR,F508C,F508C,
CFTR,"F508C, S1251N","F508C, S1251N",
CFTR,G1069R,G1069R,
CFTR,G1244E,G1244E,
CFTR,G1249R(G>A),G1249R(G>A),
CFTR,G1249R(G>C),G1249R(G>C),
CFTR,G1349D,G1349D,
CFTR,G178E,G178E,
CFTR,G178R,G178R,
CFTR,G194R(G>A),G194R(G>A),
CFTR,G194R(G>C),G194R(G>C),
CFTR,G314E,G314E,
CFTR,G551D,G551D,
CFTR,G551S,G551S,
CFTR,G576A,G576A,
CFTR,G970D,G970D,
CFTR,H1375P,H1375P,
CFTR,H939R,H939R,
CFTR,I1027T,I1027T,
CFTR,I1139V,I1139V,
CFTR,I148T,I148T,
CFTR,I175V,I175V,
CFTR,I807M,I807M,
CFTR,ivacaftor non-responsive CFTR sequence,ivacaftor non-responsive CFTR sequence,
CFTR,K1060T,K1060T,
CFTR,L1480P,L1480P,
CFTR,L206W,L206W,
CFTR,L320V,L320V,
CFTR,L967S,L967S,
CFTR,L997F(G>C),L997F(G>C),
CFTR,L997F(G>T),L997F(G>T),
CFTR,M152V,M152V,
CFTR,M952I(G>A),M952I(G>A),
CFTR,M952I(G>C),M952I(G>C),
CFTR,M952I(G>T),M952I(G>T),
CFTR,M952T,M952T,
CFTR,P67L,P67L,
CFTR,Q1291R,Q1291R,
CFTR,Q237E,Q237E,
CFTR,Q237H,Q237H,
CFTR,Q359R,Q359R,
CFTR,R1070Q,R1070Q,
CFTR,R1070W,R1070W,
CFTR,R1162L,R1162L,
CFTR,R117C,R117C,
CFTR,R117G,R117G,
CFTR,R117H,R117H,
CFTR,R117L,R117L,
CFTR,R117P,R117P,
CFTR,R1283M,R1283M,
CFTR,R170H,R170H,
CFTR,R347H,R347H,
CFTR,R347L,R347L,
CFTR,R352Q,R352Q,
CFTR,R553Q,R553Q,
CFTR,R668C,R668C,
CFTR,R74W,R74W,
CFTR,R75Q,R75Q,
CFTR,R792G,R792G,
CFTR,R933G,R933G,
CFTR,S1159F,S1159F,
CFTR,S1159P,S1159P,
CFTR,S1251N,S1251N,
CFTR,S1255P,S1255P,
CFTR,S549N,S549N,
CFTR,S549R(A>C),S549R(A>C),
CFTR,S549R(T>G),S549R(T>G),
CFTR,S589N,S589N,
CFTR,S737F,S737F,
CFTR,S945L,S945L,
CFTR,S977F,S977F,
CFTR,T1053I,T1053I,
CFTR,T338I,T338I,
CFTR,V1293G,V1293G,
CFTR,V232D,V232D,
CFTR,V562I,V562I,
CFTR,V754M,V754M,
CFTR,W1282R,W1282R,
CFTR,Y1014C,Y1014C,
CFTR,Y1032C,Y1032C,
CYP2B6,*1,*1,
CYP2B6,*10,*10,
CYP2B6,*11,*11,
CYP2B6,*12,*12,
CYP2B6,*13,*13,
CYP2B6,*14,*14,
CYP2B6,*15,*15,
CYP2B6,*17,*17,
CYP2B6,*18,*18,
CYP2B6,*19,*19,
CYP2B6,*2,*2,
CYP2B6,*20,*20,
CYP2B6,*21,*21,
CYP2B6,*22,*22,
CYP2B6,*23,*23,
CYP2B6,*24,*24,
CYP2B6,*25,*25,
CYP2B6,*26,*26,
CYP2B6,*27,*27,
CYP2B6,*28,*28,
CYP2B6,*3,*3,
CYP2B6,*31,*31,
CYP2B6,*32,*32,
CYP2B6,*33,*33,
CYP2B6,*34,*34,
CYP2B6,*35,*35,
CYP2B6,*36,*36,
CYP2B6,*37,*37,
CYP2B6,*38,*38,
CYP2B6,*39,*39,
CYP2B6,*4,*4,
CYP2B6,*40,*40,
CYP2B6,*41,*41,
CYP2B6,*42,*42,
CYP2B6,*43,*43,
CYP2B6,*44,*44,
CYP2B6,*45,*45,
CYP2B6,*46,*46,
CYP2B6,*47,*47,
CYP2B6,*48,*48,
CYP2B6,*49,*49,
CYP2B6,*5,*5,
CYP2B6,*50,*50,
CYP2B6,*6,*6,
CYP2B6,*7,*7,
CYP2B6,*8,*8,
CYP2B6,*9,*9,
CYP2C19,*1,*1,
CYP2C19,*10,*10,
CYP2C19,*11,*11,
CYP2C19,*12,*12,
CYP2C19,*13,*13,
CYP2C19,*14,*14,
CYP2C19,*15,*15,
CYP2C19,*16,*16,
CYP2C19,*17,*17,
CYP2C19,*18,*18,
CYP2C19,*19,*19,
CYP2C19,*2,*2,
CYP2C19,*22,*22,
CYP2C19,*23,*23,
CYP2C19,*24,*24,
CYP2C19,*25,*25,
CYP2C19,*26,*26,
CYP2C19,*28,*28,
CYP2C19,*29,*29,
CYP2C19,*3,*3,
CYP2C19,*30,*30,
CYP2C19,*31,*31,
CYP2C19,*32,*32,
CYP2C19,*33,*33,
CYP2C19,*34,*34,
CYP2C19,*35,*35,
CYP2C19,*38,*38,
CYP2C19,*39,*39,
CYP2C19,*4,*4,
CYP2C19,*40,*40,
CYP2C19,*41,*41,
CYP2C19,*5,*5,
CYP2C19,*6,*6,
CYP2C19,*7,*7,
CYP2C19,*8,*8,
CYP2C19,*9,*9,
CYP2C9,*1,*1,
CYP2C9,*10,*10,
CYP2C9,*11,*11,
CYP2C9,*12,*12,
CYP2C9,*13,*13,
CYP2C9,*14,*14,
CYP2C9,*15,*15,
CYP2C9,*16,*16,
CYP2C9,*17,*17,
CYP2C9,*18,*18,
CYP2C9,*19,*19,
CYP2C9,*2,*2,
CYP2C9,*20,*20,
CYP2C9,*21,*21,
CYP2C9,*22,*22,
CYP2C9,*23,*23,
CYP2C9,*24,*24,
CYP2C9,*25,*25,
CYP2C9,*26,*26,
CYP2C9,*27,*27,
CYP2C9,*28,*28,
CYP2C9,*29,*29,
CYP2C9,*3,*3,
CYP2C9,*30,*30,
CYP2C9,*31,*31,
CYP2C9,*32,*32,
CYP2C9,*33,*33,
CYP2C9,*34,*34,
CYP2C9,*35,*35,
CYP2C9,*36,*36,
CYP2C9,*37,*37,
CYP2C9,*38,*38,
CYP2C9,*39,*39,
CYP2C9,*4,*4,
CYP2C9,*40,*40,
CYP2C9,*41,*41,
CYP2C9,*42,*42,
CYP2C9,*43,*43,
CYP2C9,*44,*44,
CYP2C9,*45,*45,
CYP2C9,*46,*46,
CYP2C9,*47,*47,
CYP2C9,*48,*48,
CYP2C9,*49,*49,
CYP2C9,*5,*5,
CYP2C9,*50,*50,
CYP2C9,*51,*51,
CYP2C9,*52,*52,
CYP2C9,*53,*53,
CYP2C9,*54,*54,
CYP2C9,*55,*55,
CYP2C9,*56,*56,
CYP2C9,*57,*57,
CYP2C9,*58,*58,
CYP2C9,*59,*59,
CYP2C9,*6,*6,
CYP2C9,*60,*60,
CYP2C9,*61,*61,
CYP2C9,*62,*62,
CYP2C9,*63,*63,
CYP2C9,*64,*64,
CYP2C9,*65,*65,
CYP2C9,*66,*66,
CYP2C9,*67,*67,
CYP2C9,*68,*68,
CYP2C9,*69,*69,
CYP2C9,*7,*7,
CYP2C9,*70,*70,
CYP2C9,*71,*71,
CYP2C9,*72,*72,
CYP2C9,*73,*73,
CYP2C9,*74,*74,
CYP2C9,*75,*75,
CYP2C9,*76,*76,
CYP2C9,*77,*77,
CYP2C9,*78,*78,
CYP2C9,*79,*79,
CYP2C9,*8,*8,
CYP2C9,*80,*80,
CYP2C9,*81,*81,
CYP2C9,*82,*82,
CYP2C9,*83,*83,
CYP2C9,*84,*84,
CYP2C9,*85,*85,
CYP2C9,*86,*86,
CYP2C9,*87,*87,
CYP2C9,*88,*88,
CYP2C9,*9,*9,
CYP2D6,*1,*1,
CYP2D6,*10,*10,
CYP2D6,*100,*100,
CYP2D6,*101,*101,
CYP2D6,*102,*102,
CYP2D6,*103,*103,
CYP2D6,*104,*104,
CYP2D6,*105,*105,
CYP2D6,*106,*106,
CYP2D6,*107,*107,
CYP2D6,*108,*108,
CYP2D6,*109,*109,
CYP2D6,*10x2,*10x2,
CYP2D6,*11,*11,
CYP2D6,*110,*110,
CYP2D6,*111,*111,
CYP2D6,*112,*112,
CYP2D6,*113,*113,
CYP2D6,*114,*114,
CYP2D6,*115,*115,
CYP2D6,*116,*116,
CYP2D6,*117,*117,
CYP2D6,*118,*118,
CYP2D6,*119,*119,
CYP2D6,*12,*12,
CYP2D6,*120,*120,
CYP2D6,*121,*121,
CYP2D6,*122,*122,
CYP2D6,*123,*123,
CYP2D6,*124,*124,
CYP2D6,*125,*125,
CYP2D6,*126,*126,
CYP2D6,*127,*127,
CYP2D6,*128,*128,
CYP2D6,*129,*129,
CYP2D6,*13,*13,
CYP2D6,*13 + *1,*13 + *1,
CYP2D6,*13 + *1x2,*13 + *1x2,
CYP2D6,*13 + *2,*13 + *2,
CYP2D6,*13 + *68x2 + *4,*13 + *68x2 + *4,
CYP2D6,*130,*130,
CYP2D6,*131,*131,
CYP2D6,*132,*132,
CYP2D6,*133,*133,
CYP2D6,*134,*134,
CYP2D6,*135,*135,
CYP2D6,*136,*136,
CYP2D6,*137,*137,
CYP2D6,*138,*138,
CYP2D6,*139,*139,
CYP2D6,*14,*14,
CYP2D6,*140,*140,
CYP2D6,*141,*141,
CYP2D6,*142,*142,
CYP2D6,*143,*143,
CYP2D6,*144,*144,
CYP2D6,*145,*145,
CYP2D6,*146,*146,
CYP2D6,*146x2,*146x2,
CYP2D6,*147,*147,
CYP2D6,*148,*148,
CYP2D6,*149,*149,
CYP2D6,*15,*15,
CYP2D6,*152,*152,
CYP2D6,*153,*153,
CYP2D6,*154,*154,
CYP2D6,*155,*155,
CYP2D6,*156,*156,
CYP2D6,*157,*157,
CYP2D6,*158,*158,
CYP2D6,*159,*159,
CYP2D6,*160,*160,
CYP2D6,*161,*161,
CYP2D6,*162,*162,
CYP2D6,*163,*163,
CYP2D6,*17,*17,
CYP2D6,*17x2,*17x2,
CYP2D6,*18,*18,
CYP2D6,*19,*19,
CYP2D6,*1x2,*1x2,
CYP2D6,*1x≥3,*1x≥3,
CYP2D6,*2,*2,
CYP2D6,*20,*20,
CYP2D6,*21,*21,
CYP2D6,*22,*22,
CYP2D6,*23,*23,
CYP2D6,*24,*24,
CYP2D6,*25,*25,
CYP2D6,*26,*26,
CYP2D6,*27,*27,
CYP2D6,*27x2,*27x2,
CYP2D6,*28,*28,
CYP2D6,*28x2,*28x2,
CYP2D6,*29,*29,
CYP2D6,*29x2,*29x2,
CYP2D6,*2x2,*2x2,
CYP2D6,*2x≥3,*2x≥3,
CYP2D6,*3,*3,
CYP2D6,*30,*30,
CYP2D6,*31,*31,
CYP2D6,*32,*32,
CYP2D6,*33,*33,
CYP2D6,*34,*34,
CYP2D6,*35,*35,
CYP2D6,*35x2,*35x2,
CYP2D6,*36,*36,
CYP2D6,*36 + *10,*36 + *10,
CYP2D6,*36 + *10x2,*36 + *10x2,
CYP2D6,*36x2,*36x2,
CYP2D6,*36x2 + *10,*36x2 + *10,
CYP2D6,*36x2 + *10x2,*36x2 + *10x2,
CYP2D6,*37,*37,
CYP2D6,*38,*38,
CYP2D6,*39,*39,
CYP2D6,*3x2,*3x2,
CYP2D6,*4,*4,
CYP2D6,*40,*40,
CYP2D6,*41,*41,
CYP2D6,*41x2,*41x2,
CYP2D6,*41x3,*41x3,
CYP2D6,*42,*42,
CYP2D6,*43,*43,
CYP2D6,*43x2,*43x2,
CYP2D6,*44,*44,
CYP2D6,*45,*45,
CYP2D6,*45x2,*45x2,
CYP2D6,*46,*46,
CYP2D6,*47,*47,
CYP2D6,*48,*48,
CYP2D6,*49,*49,
CYP2D6,*4x2,*4x2,
CYP2D6,*4x≥3,*4x≥3,
CYP2D6,*5,*5,
CYP2D6,*50,*50,
CYP2D6,*51,*51,
CYP2D6,*52,*52,
CYP2D6,*53,*53,
CYP2D6,*54,*54,
CYP2D6,*55,*55,
CYP2D6,*56,*56,
CYP2D6,*58,*58,
CYP2D6,*59,*59,
CYP2D6,*6,*6,
CYP2D6,*60,*60,
CYP2D6,*61,*61,
CYP2D6,*62,*62,
CYP2D6,*63,*63,
CYP2D6,*64,*64,
CYP2D6,*65,*65,
CYP2D6,*68,*68,
CYP2D6,*68 + *2,*68 + *2,
CYP2D6,*68 + *4,*68 + *4,
CYP2D6,*68x2,*68x2,
CYP2D6,*69,*69,
CYP2D6,*6x2,*6x2,
CYP2D6,*7,*7,
CYP2D6,*70,*70,
CYP2D6,*71,*71,
CYP2D6,*72,*72,
CYP2D6,*73,*73,
CYP2D6,*74,*74,
CYP2D6,*75,*75,
CYP2D6,*8,*8,
CYP2D6,*81,*81,
CYP2D6,*82,*82,
CYP2D6,*83,*83,
CYP2D6,*84,*84,
CYP2D6,*85,*85,
CYP2D6,*86,*86,
CYP2D6,*87,*87,
CYP2D6,*88,*88,
CYP2D6,*89,*89,
CYP2D6,*9,*9,
CYP2D6,*90,*90,
CYP2D6,*91,*91,
CYP2D6,*92,*92,
CYP2D6,*93,*93,
CYP2D6,*94,*94,
CYP2D6,*95,*95,
CYP2D6,*96,*96,
CYP2D6,*97,*97,
CYP2D6,*98,*98,
CYP2D6,*99,*99,
CYP2D6,*9x2,*9x2,
CYP3A4,*1,*1,
CYP3A4,*10,*10,
CYP3A4,*11,*11,
CYP3A4,*12,*12,
CYP3A4,*13,*13,
CYP3A4,*14,*14,
CYP3A4,*15,*15,
CYP3A4,*16,*16,
CYP3A4,*17,*17,
CYP3A4,*18,*18,
CYP3A4,*19,*19,
CYP3A4,*2,*2,
CYP3A4,*20,*20,
CYP3A4,*21,*21,
CYP3A4,*22,*22,
CYP3A4,*23,*23,
CYP3A4,*24,*24,
CYP3A4,*26,*26,
CYP3A4,*28,*28,
CYP3A4,*29,*29,
CYP3A4,*3,*3,
CYP3A4,*30,*30,
CYP3A4,*31,*31,
CYP3A4,*32,*32,
CYP3A4,*33,*33,
CYP3A4,*34,*34,
CYP3A4,*35,*35,
CYP3A4,*37,*37,
CYP3A4,*38,*38,
CYP3A4,*39,*39,
CYP3A4,*4,*4,
CYP3A4,*40,*40,
CYP3A4,*41,*41,
CYP3A4,*42,*42,
CYP3A4,*43,*43,
CYP3A4,*44,*44,
CYP3A4,*45,*45,
CYP3A4,*46,*46,
CYP3A4,*47,*47,
CYP3A4,*48,*48,
CYP3A4,*5,*5,
CYP3A4,*6,*6,
CYP3A4,*7,*7,
CYP3A4,*8,*8,
CYP3A4,*9,*9,
CYP3A5,*1,*1,
CYP3A5,*3,*3,
CYP3A5,*6,*6,
CYP3A5,*7,*7,
CYP3A5,*8,*8,
CYP3A5,*9,*9,
CYP4F2,*1,*1,
CYP4F2,*10,*10,
CYP4F2,*11,*11,
CYP4F2,*12,*12,
CYP4F2,*13,*13,
CYP4F2,*14,*14,
CYP4F2,*15,*15,
CYP4F2,*17,*17,
CYP4F2,*18,*18,
CYP4F2,*19,*19,
CYP4F2,*2,*2,
CYP4F2,*20,*20,
CYP4F2,*21,*21,
CYP4F2,*22,*22,
CYP4F2,*23,*23,
CYP4F2,*3,*3,
CYP4F2,*4,*4,
CYP4F2,*5,*5,
CYP4F2,*6,*6,
CYP4F2,*7,*7,
CYP4F2,*8,*8,
CYP4F2,*9,*9,
DPYD,c.1003G>T (*11),c.1003G>T (*11),
DPYD,c.1024G>A,c.1024G>A,
DPYD,c.1057C>T,c.1057C>T,
DPYD,c.1108A>G,c.1108A>G,
DPYD,c.1129-5923C>G,c.1129-5923C>G,
DPYD,"c.1129-5923C>G, c.1236G>A (HapB3)","c.1129-5923C>G, c.1236G>A (HapB3)",
DPYD,c.1156G>T (*12),c.1156G>T (*12),
DPYD,c.1180C>T,c.1180C>T,
DPYD,c.1181G>T,c.1181G>T,
DPYD,c.1218G>A,c.1218G>A,
DPYD,c.1260T>A,c.1260T>A,
DPYD,c.1278G>T,c.1278G>T,
DPYD,c.1294G>A,c.1294G>A,
DPYD,c.1314T>G,c.1314T>G,
DPYD,c.1349C>T,c.1349C>T,
DPYD,c.1358C>G,c.1358C>G,
DPYD,c.1371C>T,c.1371C>T,
DPYD,c.1403C>A,c.1403C>A,
DPYD,c.1475C>T,c.1475C>T,
DPYD,c.1484A>G,c.1484A>G,
DPYD,c.1519G>A,c.1519G>A,
DPYD,c.1543G>A,c.1543G>A,
DPYD,c.1577C>G,c.1577C>G,
DPYD,c.1601G>A (*4),c.1601G>A (*4),
DPYD,c.1615G>A,c.1615G>A,
DPYD,c.1627A>G (*5),c.1627A>G (*5),
DPYD,c.1679T>G (*13),c.1679T>G (*13),
DPYD,c.1682G>T,c.1682G>T,
DPYD,c.1774C>T,c.1774C>T,
DPYD,c.1775G>A,c.1775G>A,
DPYD,c.1777G>A,c.1777G>A,
DPYD,c.1796T>C,c.1796T>C,
DPYD,c.1896T>C,c.1896T>C,
DPYD,c.1898delC (*3),c.1898delC (*3),
DPYD,c.1905 + 1G>A (*2A),c.1905 + 1G>A (*2A),
DPYD,c.1905C>G,c.1905C>G,
DPYD,c.1906A>C,c.1906A>C,
DPYD,c.1990G>T,c.1990G>T,
DPYD,c.2021G>A,c.2021G>A,
DPYD,c.2161G>A,c.2161G>A,
DPYD,c.2186C>T,c.2186C>T,
DPYD,c.2194G>A (*6),c.2194G>A (*6),
DPYD,c.2195T>G,c.2195T>G,
DPYD,c.2279C>T,c.2279C>T,
DPYD,c.2303C>A,c.2303C>A,
DPYD,c.2336C>A,c.2336C>A,
DPYD,c.2482G>A,c.2482G>A,
DPYD,c.2582A>G,c.2582A>G,
DPYD,c.2623A>C,c.2623A>C,
DPYD,c.2639G>T,c.2639G>T,
DPYD,c.2656C>T,c.2656C>T,
DPYD,c.2657G>A (*9B),c.2657G>A (*9B),
DPYD,c.2846A>T,c.2846A>T,
DPYD,c.2872A>G,c.2872A>G,
DPYD,c.2915A>G,c.2915A>G,
DPYD,c.2921A>T,c.2921A>T,
DPYD,c.2933A>G,c.2933A>G,
DPYD,c.295_298delTCAT (*7),c.295_298delTCAT (*7),
DPYD,c.2977C>T,c.2977C>T,
DPYD,c.2978T>G,c.2978T>G,
DPYD,c.2983G>T (*10),c.2983G>T (*10),
DPYD,c.3049G>A,c.3049G>A,
DPYD,c.3061G>C,c.3061G>C,
DPYD,c.3067C>A,c.3067C>A,
DPYD,c.313G>A,c.313G>A,
DPYD,c.343A>G,c.343A>G,
DPYD,c.451A>G,c.451A>G,
DPYD,c.46C>G,c.46C>G,
DPYD,c.496A>G,c.496A>G,
DPYD,c.498G>A,c.498G>A,
DPYD,c.525G>A,c.525G>A,
DPYD,c.557A>G,c.557A>G,
DPYD,c.601A>C,c.601A>C,
DPYD,c.61C>T,c.61C>T,
DPYD,c.62G>A,c.62G>A,
DPYD,c.632A>G,c.632A>G,
DPYD,c.703C>T (*8),c.703C>T (*8),
DPYD,c.775A>G,c.775A>G,
DPYD,c.85T>C (*9A),c.85T>C (*9A),
DPYD,c.868A>G,c.868A>G,
DPYD,c.929T>C,c.929T>C,
DPYD,c.934C>T,c.934C>T,
DPYD,c.967G>A,c.967G>A,
DPYD,Reference,Reference,
G6PD,202G>A_376A>G_1264C>G,202G>A_376A>G_1264C>G,
G6PD,A,A,
G6PD,A- 202A_376G,A- 202A_376G,
G6PD,A- 680T_376G,A- 680T_376G,
G6PD,A- 968C_376G,A- 968C_376G,
G6PD,Aachen,Aachen,
G6PD,Abeno,Abeno,
G6PD,Acrokorinthos,Acrokorinthos,
G6PD,Alhambra,Alhambra,
G6PD,Amazonia,Amazonia,
G6PD,Amiens,Amiens,
G6PD,Amsterdam,Amsterdam,
G6PD,Anadia,Anadia,
G6PD,Ananindeua,Ananindeua,
G6PD,Andalus,Andalus,
G6PD,Arakawa,Arakawa,
G6PD,Asahi,Asahi,
G6PD,Asahikawa,Asahikawa,
G6PD,Aures,Aures,
G6PD,Aveiro,Aveiro,
G6PD,B (reference),B (reference),
G6PD,Bajo Maumere,Bajo Maumere,
G6PD,Bangkok,Bangkok,
G6PD,Bangkok Noi,Bangkok Noi,
G6PD,Bao Loc,Bao Loc,
G6PD,Bari,Bari,
G6PD,Belem,Belem,
G6PD,"Beverly Hills, Genova, Iwate, Niigata, Yamaguchi","Beverly Hills, Genova, Iwate, Niigata, Yamaguchi",
G6PD,Brighton,Brighton,
G6PD,Buenos Aires,Buenos Aires,
G6PD,Cairo,Cairo,
G6PD,Calvo Mackenna,Calvo Mackenna,
G6PD,Campinas,Campinas,
G6PD,"Canton, Taiwan-Hakka, Gifu-like, Agrigento-like","Canton, Taiwan-Hakka, Gifu-like, Agrigento-like",
G6PD,Cassano,Cassano,
G6PD,Chatham,Chatham,
G6PD,Chikugo,Chikugo,
G6PD,Chinese-1,Chinese-1,
G6PD,Chinese-5,Chinese-5,
G6PD,Cincinnati,Cincinnati,
G6PD,Cleveland Corum,Cleveland Corum,
G6PD,Clinic,Clinic,
G6PD,Coimbra Shunde,Coimbra Shunde,
G6PD,Cosenza,Cosenza,
G6PD,Costanzo,Costanzo,
G6PD,Covao do Lobo,Covao do Lobo,
G6PD,Crispim,Crispim,
G6PD,Dagua,Dagua,
G6PD,Durham,Durham,
G6PD,Farroupilha,Farroupilha,
G6PD,Figuera da Foz,Figuera da Foz,
G6PD,Flores,Flores,
G6PD,Fukaya,Fukaya,
G6PD,Fushan,Fushan,
G6PD,Gaohe,Gaohe,
G6PD,Georgia,Georgia,
G6PD,Gidra,Gidra,
G6PD,Gond,Gond,
G6PD,Guadalajara,Guadalajara,
G6PD,Guangzhou,Guangzhou,
G6PD,Haikou,Haikou,
G6PD,Hammersmith,Hammersmith,
G6PD,Harilaou,Harilaou,
G6PD,Harima,Harima,
G6PD,Hartford,Hartford,
G6PD,Hechi,Hechi,
G6PD,Hermoupolis,Hermoupolis,
G6PD,Honiara,Honiara,
G6PD,Ierapetra,Ierapetra,
G6PD,Ilesha,Ilesha,
G6PD,Insuli,Insuli,
G6PD,"Iowa, Walter Reed, Springfield","Iowa, Walter Reed, Springfield",
G6PD,Iwatsuki,Iwatsuki,
G6PD,"Japan, Shinagawa","Japan, Shinagawa",
G6PD,"Kaiping, Anant, Dhon, Sapporo-like, Wosera","Kaiping, Anant, Dhon, Sapporo-like, Wosera",
G6PD,"Kalyan-Kerala, Jamnaga, Rohini","Kalyan-Kerala, Jamnaga, Rohini",
G6PD,Kambos,Kambos,
G6PD,"Kamiube, Keelung","Kamiube, Keelung",
G6PD,Kamogawa,Kamogawa,
G6PD,Kawasaki,Kawasaki,
G6PD,Kozukata,Kozukata,
G6PD,Krakow,Krakow,
G6PD,La Jolla,La Jolla,
G6PD,Lages,Lages,
G6PD,Lagosanto,Lagosanto,
G6PD,Laibin,Laibin,
G6PD,Lille,Lille,
G6PD,Liuzhou,Liuzhou,
G6PD,Loma Linda,Loma Linda,
G6PD,Ludhiana,Ludhiana,
G6PD,Lynwood,Lynwood,
G6PD,Madrid,Madrid,
G6PD,Mahidol,Mahidol,
G6PD,Malaga,Malaga,
G6PD,Manhattan,Manhattan,
G6PD,"Mediterranean, Dallas, Panama, Sassari, Cagliari, Birmingham","Mediterranean, Dallas, Panama, Sassari, Cagliari, Birmingham",
G6PD,Metaponto,Metaponto,
G6PD,Mexico City,Mexico City,
G6PD,Miaoli,Miaoli,
G6PD,"Minnesota, Marion, Gastonia, LeJeune","Minnesota, Marion, Gastonia, LeJeune",
G6PD,Mira d'Aire,Mira d'Aire,
G6PD,Mizushima,Mizushima,
G6PD,Montalbano,Montalbano,
G6PD,Montpellier,Montpellier,
G6PD,Mt Sinai,Mt Sinai,
G6PD,Munich,Munich,
G6PD,Murcia Oristano,Murcia Oristano,
G6PD,Musashino,Musashino,
G6PD,Namouru,Namouru,
G6PD,Nankang,Nankang,
G6PD,Nanning,Nanning,
G6PD,Naone,Naone,
G6PD,Nara,Nara,
G6PD,"Nashville, Anaheim, Portici","Nashville, Anaheim, Portici",
G6PD,Neapolis,Neapolis,
G6PD,Nice,Nice,
G6PD,Nilgiri,Nilgiri,
G6PD,No name,No name,
G6PD,North Dallas,North Dallas,
G6PD,Olomouc,Olomouc,
G6PD,Omiya,Omiya,
G6PD,Orissa,Orissa,
G6PD,Osaka,Osaka,
G6PD,Palestrina,Palestrina,
G6PD,Papua,Papua,
G6PD,Partenope,Partenope,
G6PD,Pawnee,Pawnee,
G6PD,Pedoplis-Ckaro,Pedoplis-Ckaro,
G6PD,Piotrkow,Piotrkow,
G6PD,Plymouth,Plymouth,
G6PD,Praha,Praha,
G6PD,Puerto Limon,Puerto Limon,
G6PD,Quing Yan,Quing Yan,
G6PD,Radlowo,Radlowo,
G6PD,Rehevot,Rehevot,
G6PD,Rignano,Rignano,
G6PD,Riley,Riley,
G6PD,Riverside,Riverside,
G6PD,Roubaix,Roubaix,
G6PD,S. Antioco,S. Antioco,
G6PD,Salerno Pyrgos,Salerno Pyrgos,
G6PD,Santa Maria,Santa Maria,
G6PD,Santiago,Santiago,
G6PD,"Santiago de Cuba, Morioka","Santiago de Cuba, Morioka",
G6PD,Sao Borja,Sao Borja,
G6PD,"Seattle, Lodi, Modena, Ferrara II, Athens-like","Seattle, Lodi, Modena, Ferrara II, Athens-like",
G6PD,Seoul,Seoul,
G6PD,Serres,Serres,
G6PD,Shenzen,Shenzen,
G6PD,Shinshu,Shinshu,
G6PD,Sibari,Sibari,
G6PD,Sierra Leone,Sierra Leone,
G6PD,Sinnai,Sinnai,
G6PD,Songklanagarind,Songklanagarind,
G6PD,Split,Split,
G6PD,Stonybrook,Stonybrook,
G6PD,Sugao,Sugao,
G6PD,Sumare,Sumare,
G6PD,Sunderland,Sunderland,
G6PD,Surabaya,Surabaya,
G6PD,Suwalki,Suwalki,
G6PD,Swansea,Swansea,
G6PD,"Taipei, Chinese-3","Taipei, Chinese-3",
G6PD,"Telti, Kobe","Telti, Kobe",
G6PD,Tenri,Tenri,
G6PD,"Tokyo, Fukushima","Tokyo, Fukushima",
G6PD,Toledo,Toledo,
G6PD,Tomah,Tomah,
G6PD,Tondela,Tondela,
G6PD,Torun,Torun,
G6PD,Tsukui,Tsukui,
G6PD,Ube Konan,Ube Konan,
G6PD,"Union, Maewo, Chinese-2, Kalo","Union, Maewo, Chinese-2, Kalo",
G6PD,Urayasu,Urayasu,
G6PD,Utrecht,Utrecht,
G6PD,Valladolid,Valladolid,
G6PD,Vancouver,Vancouver,
G6PD,Vanua Lava,Vanua Lava,
G6PD,"Viangchan, Jammu","Viangchan, Jammu",
G6PD,Volendam,Volendam,
G6PD,Wayne,Wayne,
G6PD,West Virginia,West Virginia,
G6PD,Wexham,Wexham,
G6PD,Wisconsin,Wisconsin,
G6PD,Yunan,Yunan,
IFNL3,Reference,rs12979860 reference (C),synonym
IFNL3,rs12979860,rs12979860 variant (T),synonym
IFNL3,rs12979860 reference (C),rs12979860 reference (C),
IFNL3,rs12979860 variant (T),rs12979860 variant (T),
MT-RNR1,m.1095T>C,m.1095T>C,
MT-RNR1,m.1189T>C,m.1189T>C,
MT-RNR1,m.1243T>C,m.1243T>C,
MT-RNR1,m.1494C>T,m.1494C>T,
MT-RNR1,m.1520T>C,m.1520T>C,
MT-RNR1,m.1537C>T,m.1537C>T,
MT-RNR1,m.1555A>G,m.1555A>G,
MT-RNR1,m.1556C>T,m.1556C>T,
MT-RNR1,m.663A>G,m.663A>G,
MT-RNR1,m.669T>C,m.669T>C,
MT-RNR1,m.747A>G,m.747A>G,
MT-RNR1,m.786G>A,m.786G>A,
MT-RNR1,m.807A>C,m.807A>C,
MT-RNR1,m.807A>G,m.807A>G,
MT-RNR1,m.827A>G,m.827A>G,
MT-RNR1,m.839A>G,m.839A>G,
MT-RNR1,m.896A>G,m.896A>G,
MT-RNR1,m.930G>A,m.930G>A,
MT-RNR1,m.951G>A,m.951G>A,
MT-RNR1,m.960C>del,m.960C>del,
MT-RNR1,m.961T>del,m.961T>del,
MT-RNR1,m.961T>del + Cn,m.961T>del + Cn,
MT-RNR1,m.961T>G,m.961T>G,
MT-RNR1,m.988G>A,m.988G>A,
MT-RNR1,Reference,Reference,
NAT2,*1,*1,
NAT2,*10,*10,
NAT2,*14,*14,
NAT2,*15,*15,
NAT2,*16,*16,
NAT2,*19,*19,
NAT2,*21,*21,
NAT2,*27,*27,
NAT2,*29,*29,
NAT2,*30,*30,
NAT2,*31,*31,
NAT2,*32,*32,
NAT2,*33,*33,
NAT2,*34,*34,
NAT2,*35,*35,
NAT2,*36,*36,
NAT2,*37,*37,
NAT2,*38,*38,
NAT2,*39,*39,
NAT2,*4,*4,
NAT2,*40,*40,
NAT2,*41,*41,
NAT2,*42,*42,
NAT2,*43,*43,
NAT2,*44,*44,
NAT2,*45,*45,
NAT2,*46,*46,
NAT2,*47,*47,
NAT2,*48,*48,
NAT2,*49,*49,
NAT2,*5,*5,
NAT2,*50,*50,
NAT2,*51,*51,
NAT2,*52,*52,
NAT2,*53,*53,
NAT2,*54,*54,
NAT2,*55,*55,
NAT2,*56,*56,
NAT2,*57,*57,
NAT2,*58,*58,
NAT2,*59,*59,
NAT2,*6,*6,
NAT2,*60,*60,
NAT2,*61,*61,
NAT2,*62,*62,
NAT2,*63,*63,
NAT2,*64,*64,
NAT2,*65,*65,
NAT2,*66,*66,
NAT2,*67,*67,
NAT2,*68,*68,
NAT2,*69,*69,
NAT2,*7,*7,
NAT2,*70,*70,
NAT2,*71,*71,
NAT2,*72,*72,
NAT2,*73,*73,
NAT2,*74,*74,
NAT2,*75,*75,
NUDT15,*1,*1,
NUDT15,*10,*10,
NUDT15,*11,*11,
NUDT15,*12,*12,
NUDT15,*13,*13,
NUDT15,*14,*14,
NUDT15,*15,*15,
NUDT15,*16,*16,
NUDT15,*17,*17,
NUDT15,*18,*18,
NUDT15,*19,*19,
NUDT15,*2,*2,
NUDT15,*20,*20,
NUDT15,*21,*21,
NUDT15,*3,*3,
NUDT15,*4,*4,
NUDT15,*5,*5,
NUDT15,*6,*6,
NUDT15,*7,*7,
NUDT15,*8,*8,
NUDT15,*9,*9,
RYR1,c.10042C>T,c.10042C>T,
RYR1,c.10043G>A,c.10043G>A,
RYR1,c.10097G>A,c.10097G>A,
RYR1,c.10100A>G,c.10100A>G,
RYR1,c.1021G>A,c.1021G>A,
RYR1,c.1021G>C,c.1021G>C,
RYR1,c.10229C>A,c.10229C>A,
RYR1,c.10237A>T,c.10237A>T,
RYR1,c.1024G>A,c.1024G>A,
RYR1,c.10252A>G,c.10252A>G,
RYR1,c.103T>C,c.103T>C,
RYR1,c.10556C>T,c.10556C>T,
RYR1,c.10616G>A,c.10616G>A,
RYR1,c.10747G>C,c.10747G>C,
RYR1,c.10750G>C,c.10750G>C,
RYR1,c.10891G>T,c.10891G>T,
RYR1,c.1100G>A,c.1100G>A,
RYR1,c.1100G>T,c.1100G>T,
RYR1,c.11086G>C,c.11086G>C,
RYR1,c.11120G>T,c.11120G>T,
RYR1,c.11126C>T,c.11126C>T,
RYR1,c.11132C>T,c.11132C>T,
RYR1,c.11266C>G,c.11266C>G,
RYR1,c.11314C>T,c.11314C>T,
RYR1,c.11315G>A,c.11315G>A,
RYR1,c.11416G>A,c.11416G>A,
RYR1,c.1144C>A,c.1144C>A,
RYR1,c.11518G>A,c.11518G>A,
RYR1,c.11708G>A,c.11708G>A,
RYR1,c.11723A>T,c.11723A>T,
RYR1,c.11748T>G,c.11748T>G,
RYR1,c.11798A>G,c.11798A>G,
RYR1,c.11813G>A,c.11813G>A,
RYR1,c.11947C>T,c.11947C>T,
RYR1,c.11953T>C,c.11953T>C,
RYR1,c.11958C>G,c.11958C>G,
RYR1,c.11969G>T,c.11969G>T,
RYR1,c.119G>C,c.119G>C,
RYR1,c.1201C>A,c.1201C>A,
RYR1,c.1201C>G,c.1201C>G,
RYR1,c.1201C>T,c.1201C>T,
RYR1,c.12028G>A,c.12028G>A,
RYR1,c.1202G>A,c.1202G>A,
RYR1,c.1202G>T,c.1202G>T,
RYR1,c.12064A>G,c.12064A>G,
RYR1,c.1209C>G,c.1209C>G,
RYR1,c.12115A>T,c.12115A>T,
RYR1,c.12121C>T,c.12121C>T,
RYR1,c.12149C>A,c.12149C>A,
RYR1,c.12242C>T,c.12242C>T,
RYR1,c.12310G>C,c.12310G>C,
RYR1,c.12355A>T,c.12355A>T,
RYR1,c.12383C>T,c.12383C>T,
RYR1,c.12398A>G,c.12398A>G,
RYR1,c.12406C>A,c.12406C>A,
RYR1,c.12413T>C,c.12413T>C,
RYR1,c.12532G>A,c.12532G>A,
RYR1,c.12533G>T,c.12533G>T,
RYR1,c.12553G>A,c.12553G>A,
RYR1,c.12689T>G,c.12689T>G,
RYR1,c.12700G>C,c.12700G>C,
RYR1,c.12700G>T,c.12700G>T,
RYR1,c.12848A>T,c.12848A>T,
RYR1,c.12881C>T,c.12881C>T,
RYR1,c.12884C>T,c.12884C>T,
RYR1,c.130C>T,c.130C>T,
RYR1,c.131G>A,c.131G>A,
RYR1,c.13505A>G,c.13505A>G,
RYR1,c.13513G>C,c.13513G>C,
RYR1,c.13672C>T,c.13672C>T,
RYR1,c.13673G>A,c.13673G>A,
RYR1,c.13702C>G,c.13702C>G,
RYR1,c.13760C>T,c.13760C>T,
RYR1,c.13913G>A,c.13913G>A,
RYR1,c.13918A>G,c.13918A>G,
RYR1,c.13934G>A,c.13934G>A,
RYR1,c.13990T>C,c.13990T>C,
RYR1,c.13994_13995delTCinsCT,c.13994_13995delTCinsCT,
RYR1,c.14002C>T,c.14002C>T,
RYR1,c.14051T>C,c.14051T>C,
RYR1,c.1411C>T,c.1411C>T,
RYR1,c.14126C>T,c.14126C>T,
RYR1,c.14168G>A,c.14168G>A,
RYR1,c.14186A>C,c.14186A>C,
RYR1,c.14197T>G,c.14197T>G,
RYR1,c.14201G>A,c.14201G>A,
RYR1,c.14209C>T,c.14209C>T,
RYR1,c.14210G>A,c.14210G>A,
RYR1,c.1422G>T,c.1422G>T,
RYR1,c.14270G>A,c.14270G>A,
RYR1,c.14364 + 1G>T,c.14364 + 1G>T,
RYR1,c.14387A>G,c.14387A>G,
RYR1,c.14422_14423delinsAA,c.14422_14423delinsAA,
RYR1,c.14424C>A,c.14424C>A,
RYR1,c.14449A>T,c.14449A>T,
RYR1,c.14458G>A,c.14458G>A,
RYR1,c.14458G>T,c.14458G>T,
RYR1,c.14471T>C,c.14471T>C,
RYR1,c.14477C>T,c.14477C>T,
RYR1,c.14497C>T,c.14497C>T,
RYR1,c.14509C>G,c.14509C>G,
RYR1,c.14512C>G,c.14512C>G,
RYR1,c.14524G>A,c.14524G>A,
RYR1,c.14539G>C,c.14539G>C,
RYR1,c.1453A>G,c.1453A>G,
RYR1,c.14545G>A,c.14545G>A,
RYR1,c.14558C>T,c.14558C>T,
RYR1,c.14567C>G,c.14567C>G,
RYR1,c.14581C>T,c.14581C>T,
RYR1,c.14582G>A,c.14582G>A,
RYR1,c.1459C>G,c.1459C>G,
RYR1,c.1460T>C,c.1460T>C,
RYR1,c.14627A>G,c.14627A>G,
RYR1,c.14639T>C,c.14639T>C,
RYR1,c.14678G>A,c.14678G>A,
RYR1,c.14680G>A,c.14680G>A,
RYR1,c.14693T>C,c.14693T>C,
RYR1,c.1475G>A,c.1475G>A,
RYR1,c.14782A>G,c.14782A>G,
RYR1,c.14803G>A,c.14803G>A,
RYR1,c.14813T>C,c.14813T>C,
RYR1,c.14814C>G,c.14814C>G,
RYR1,c.14817C>A,c.14817C>A,
RYR1,c.14818G>A,c.14818G>A,
RYR1,c.14825G>T,c.14825G>T,
RYR1,c.14879T>A,c.14879T>A,
RYR1,c.14918C>T,c.14918C>T,
RYR1,c.14968A>G,c.14968A>G,
RYR1,c.15059G>C,c.15059G>C,
RYR1,c.15060G>C,c.15060G>C,
RYR1,c.152C>A,c.152C>A,
RYR1,c.1553T>C,c.1553T>C,
RYR1,c.1565A>C,c.1565A>C,
RYR1,c.1565A>G,c.1565A>G,
RYR1,c.1589G>A,c.1589G>A,
RYR1,c.1597C>A,c.1597C>A,
RYR1,c.1597C>T,c.1597C>T,
RYR1,c.1598G>A,c.1598G>A,
RYR1,c.1615T>C,c.1615T>C,
RYR1,c.1615T>G,c.1615T>G,
RYR1,c.1630G>T,c.1630G>T,
RYR1,c.1654C>T,c.1654C>T,
RYR1,c.178G>A,c.178G>A,
RYR1,c.178G>T,c.178G>T,
RYR1,c.1834G>C,c.1834G>C,
RYR1,c.1840C>T,c.1840C>T,
RYR1,c.1841G>T,c.1841G>T,
RYR1,c.190T>C,c.190T>C,
RYR1,c.2050G>C,c.2050G>C,
RYR1,c.2122G>A,c.2122G>A,
RYR1,c.212C>A,c.212C>A,
RYR1,c.2447C>T,c.2447C>T,
RYR1,c.251C>T,c.251C>T,
RYR1,c.2537C>T,c.2537C>T,
RYR1,c.2654G>A,c.2654G>A,
RYR1,c.2797G>A,c.2797G>A,
RYR1,c.2924G>A,c.2924G>A,
RYR1,c.2996G>A,c.2996G>A,
RYR1,c.3095G>A,c.3095G>A,
RYR1,c.3127C>T,c.3127C>T,
RYR1,c.3166G>A,c.3166G>A,
RYR1,c.3166G>C,c.3166G>C,
RYR1,c.3172G>A,c.3172G>A,
RYR1,c.3224G>A,c.3224G>A,
RYR1,c.3418C>T,c.3418C>T,
RYR1,c.3527C>T,c.3527C>T,
RYR1,c.3656A>C,c.3656A>C,
RYR1,c.3667G>A,c.3667G>A,
RYR1,c.38T>G,c.38T>G,
RYR1,c.4024A>G,c.4024A>G,
RYR1,c.4178A>G,c.4178A>G,
RYR1,c.418G>A,c.418G>A,
RYR1,c.4400A>G,c.4400A>G,
RYR1,c.455C>A,c.455C>A,
RYR1,c.463C>A,c.463C>A,
RYR1,c.467G>A,c.467G>A,
RYR1,c.4711A>G,c.4711A>G,
RYR1,c.4747C>T,c.4747C>T,
RYR1,c.4763C>T,c.4763C>T,
RYR1,c.4775C>T,c.4775C>T,
RYR1,c.479A>G,c.479A>G,
RYR1,c.487C>T,c.487C>T,
RYR1,c.488G>A,c.488G>A,
RYR1,c.488G>T,c.488G>T,
RYR1,c.493G>A,c.493G>A,
RYR1,c.496G>A,c.496G>A,
RYR1,c.497A>G,c.497A>G,
RYR1,c.5024T>C,c.5024T>C,
RYR1,c.5033A>G,c.5033A>G,
RYR1,c.5036G>A,c.5036G>A,
RYR1,c.5132A>G,c.5132A>G,
RYR1,c.5183C>T,c.5183C>T,
RYR1,c.5186T>G,c.5186T>G,
RYR1,c.51_53del,c.51_53del,
RYR1,c.526G>A,c.526G>A,
RYR1,c.528G>T,c.528G>T,
RYR1,c.529C>T,c.529C>T,
RYR1,c.5317C>T,c.5317C>T,
RYR1,c.533A>C,c.533A>C,
RYR1,c.533A>G,c.533A>G,
RYR1,c.5341T>C,c.5341T>C,
RYR1,c.5360C>T,c.5360C>T,
RYR1,c.5440A>G,c.5440A>G,
RYR1,c.5441T>A,c.5441T>A,
RYR1,c.5890C>T,c.5890C>T,
RYR1,c.6037A>C,c.6037A>C,
RYR1,c.6178G>T,c.6178G>T,
RYR1,c.625G>A,c.625G>A,
RYR1,c.6302T>A,c.6302T>A,
RYR1,c.6304G>C,c.6304G>C,
RYR1,c.6349G>C,c.6349G>C,
RYR1,c.6377G>A,c.6377G>A,
RYR1,c.6387C>G,c.6387C>G,
RYR1,c.6388G>A,c.6388G>A,
RYR1,c.641C>T,c.641C>T,
RYR1,c.6478G>A,c.6478G>A,
RYR1,c.6487C>T,c.6487C>T,
RYR1,c.6488G>A,c.6488G>A,
RYR1,c.6488G>C,c.6488G>C,
RYR1,c.6488G>T,c.6488G>T,
RYR1,c.6502G>A,c.6502G>A,
RYR1,c.652G>A,c.652G>A,
RYR1,c.6544A>T,c.6544A>T,
RYR1,c.6548G>A,c.6548G>A,
RYR1,c.6599C>T,c.6599C>T,
RYR1,c.6612C>G,c.6612C>G,
RYR1,c.6617C>G,c.6617C>G,
RYR1,c.6617C>T,c.6617C>T,
RYR1,c.6628G>T,c.6628G>T,
RYR1,c.6635T>A,c.6635T>A,
RYR1,c.6640G>A,c.6640G>A,
RYR1,c.6670C>T,c.6670C>T,
RYR1,c.6671G>A,c.6671G>A,
RYR1,c.6710G>A,c.6710G>A,
RYR1,c.6742C>T,c.6742C>T,
RYR1,c.6743G>A,c.6743G>A,
RYR1,c.6757C>T,c.6757C>T,
RYR1,c.677T>A,c.677T>A,
RYR1,c.680A>T,c.680A>T,
RYR1,c.6838G>A,c.6838G>A,
RYR1,c.6847A>C,c.6847A>C,
RYR1,c.6961A>G,c.6961A>G,
RYR1,c.7007G>A,c.7007G>A,
RYR1,c.7018T>C,c.7018T>C,
RYR1,c.7025A>G,c.7025A>G,
RYR1,c.7032G>C,c.7032G>C,
RYR1,c.7035C>A,c.7035C>A,
RYR1,c.7036G>A,c.7036G>A,
RYR1,c.7042_7044delGAG,c.7042_7044delGAG,
RYR1,c.7043A>G,c.7043A>G,
RYR1,c.7048G>A,c.7048G>A,
RYR1,c.7060G>A,c.7060G>A,
RYR1,c.7063C>T,c.7063C>T,
RYR1,c.7073T>A,c.7073T>A,
RYR1,c.7075C>T,c.7075C>T,
RYR1,c.7076G>A,c.7076G>A,
RYR1,c.7084G>A,c.7084G>A,
RYR1,c.7085A>G,c.7085A>G,
RYR1,c.7089C>G,c.7089C>G,
RYR1,c.7090T>G,c.7090T>G,
RYR1,c.7097C>G,c.7097C>G,
RYR1,c.7099G>A,c.7099G>A,
RYR1,c.7112A>G,c.7112A>G,
RYR1,c.7123G>A,c.7123G>A,
RYR1,c.7124G>C,c.7124G>C,
RYR1,c.7199A>G,c.7199A>G,
RYR1,c.7210G>A,c.7210G>A,
RYR1,c.7282G>A,c.7282G>A,
RYR1,c.7291G>A,c.7291G>A,
RYR1,c.7291G>T,c.7291G>T,
RYR1,c.7292A>T,c.7292A>T,
RYR1,c.7300G>A,c.7300G>A,
RYR1,c.7304G>A,c.7304G>A,
RYR1,c.7304G>T,c.7304G>T,
RYR1,c.7307G>A,c.7307G>A,
RYR1,c.7310C>T,c.7310C>T,
RYR1,c.7317G>C,c.7317G>C,
RYR1,c.7354C>T,c.7354C>T,
RYR1,c.7355G>A,c.7355G>A,
RYR1,c.7355G>C,c.7355G>C,
RYR1,c.7358T>C,c.7358T>C,
RYR1,c.7360C>T,c.7360C>T,
RYR1,c.7361G>A,c.7361G>A,
RYR1,c.7372C>T,c.7372C>T,
RYR1,c.7373G>A,c.7373G>A,
RYR1,c.7373G>T,c.7373G>T,
RYR1,c.7385C>T,c.7385C>T,
RYR1,c.742G>A,c.742G>A,
RYR1,c.742G>C,c.742G>C,
RYR1,c.7487C>T,c.7487C>T,
RYR1,c.7522C>G,c.7522C>G,
RYR1,c.7522C>T,c.7522C>T,
RYR1,c.7523G>A,c.7523G>A,
RYR1,c.7528T>C,c.7528T>C,
RYR1,c.7760A>G,c.7760A>G,
RYR1,c.7771C>G,c.7771C>G,
RYR1,c.7771C>T,c.7771C>T,
RYR1,c.7777C>G,c.7777C>G,
RYR1,c.7778G>A,c.7778G>A,
RYR1,c.7787C>T,c.7787C>T,
RYR1,c.7816T>A,c.7816T>A,
RYR1,c.7879G>A,c.7879G>A,
RYR1,c.7879G>C,c.7879G>C,
RYR1,c.8005G>A,c.8005G>A,
RYR1,c.8026C>T,c.8026C>T,
RYR1,c.8054C>T,c.8054C>T,
RYR1,c.8188G>C,c.8188G>C,
RYR1,c.8189A>G,c.8189A>G,
RYR1,c.8198G>A,c.8198G>A,
RYR1,c.8290G>A,c.8290G>A,
RYR1,c.8327C>T,c.8327C>T,
RYR1,c.8360C>G,c.8360C>G,
RYR1,c.8518C>T,c.8518C>T,
RYR1,c.8527T>C,c.8527T>C,
RYR1,c.8600T>A,c.8600T>A,
RYR1,c.8638G>A,c.8638G>A,
RYR1,c.8654C>G,c.8654C>G,
RYR1,c.8729C>T,c.8729C>T,
RYR1,c.8926C>T,c.8926C>T,
RYR1,c.9152G>A,c.9152G>A,
RYR1,c.9268G>A,c.9268G>A,
RYR1,c.9310G>A,c.9310G>A,
RYR1,c.9356G>A,c.9356G>A,
RYR1,c.946C>T,c.946C>T,
RYR1,c.947G>T,c.947G>T,
RYR1,c.9499C>T,c.9499C>T,
RYR1,c.9635A>G,c.9635A>G,
RYR1,c.9649T>C,c.9649T>C,
RYR1,c.9652G>A,c.9652G>A,
RYR1,c.9676G>C,c.9676G>C,
RYR1,c.9758T>C,c.9758T>C,
RYR1,c.9797T>C,c.9797T>C,
RYR1,c.97A>G,c.97A>G,
RYR1,c.982C>T,c.982C>T,
RYR1,c.9848G>A,c.9848G>A,
RYR1,c.9850T>A,c.9850T>A,
RYR1,c.9868G>A,c.9868G>A,
RYR1,c.992_994dup,c.992_994dup,
RYR1,Reference,Reference,
SLCO1B1,*1,*1,
SLCO1B1,*10,*10,
SLCO1B1,*11,*11,
SLCO1B1,*14,*14,
SLCO1B1,*15,*15,
SLCO1B1,*16,*16,
SLCO1B1,*19,*19,
SLCO1B1,*2,*2,
SLCO1B1,*20,*20,
SLCO1B1,*23,*23,
SLCO1B1,*24,*24,
SLCO1B1,*25,*25,
SLCO1B1,*26,*26,
SLCO1B1,*27,*27,
SLCO1B1,*28,*28,
SLCO1B1,*29,*29,
SLCO1B1,*30,*30,
SLCO1B1,*31,*31,
SLCO1B1,*32,*32,
SLCO1B1,*33,*33,
SLCO1B1,*34,*34,
SLCO1B1,*36,*36,
SLCO1B1,*37,*37,
SLCO1B1,*39,*39,
SLCO1B1,*4,*4,
SLCO1B1,*40,*40,
SLCO1B1,*41,*41,
SLCO1B1,*42,*42,
SLCO1B1,*43,*43,
SLCO1B1,*44,*44,
SLCO1B1,*45.001,*45.001,
SLCO1B1,*45.002,*45.002,
SLCO1B1,*47,*47,
SLCO1B1,*5,*5,
SLCO1B1,*50,*50,
SLCO1B1,*51,*51,
SLCO1B1,*52,*52,
SLCO1B1,*53,*53,
SLCO1B1,*54,*54,
SLCO1B1,*55,*55,
SLCO1B1,*56,*56,
SLCO1B1,*57,*57,
SLCO1B1,*58,*58,
SLCO1B1,*6,*6,
SLCO1B1,*8,*8,
SLCO1B1,*9,*9,
TPMT,*1,*1,
TPMT,*10,*10,
TPMT,*11,*11,
TPMT,*12,*12,
TPMT,*13,*13,
TPMT,*14,*14,
TPMT,*15,*15,
TPMT,*16,*16,
TPMT,*17,*17,
TPMT,*18,*18,
TPMT,*19,*19,
TPMT,*2,*2,
TPMT,*20,*20,
TPMT,*21,*21,
TPMT,*22,*22,
TPMT,*23,*23,
TPMT,*24,*24,
TPMT,*25,*25,
TPMT,*26,*26,
TPMT,*27,*27,
TPMT,*28,*28,
TPMT,*29,*29,
TPMT,*30,*30,
TPMT,*31,*31,
TPMT,*32,*32,
TPMT,*33,*33,
TPMT,*34,*34,
TPMT,*35,*35,
TPMT,*36,*36,
TPMT,*37,*37,
TPMT,*38,*38,
TPMT,*39,*39,
TPMT,*3A,*3A,
TPMT,*3B,*3B,
TPMT,*3C,*3C,
TPMT,*4,*4,
TPMT,*40,*40,
TPMT,*41,*41,
TPMT,*42,*42,
TPMT,*43,*43,
TPMT,*44,*44,
TPMT,*5,*5,
TPMT,*6,*6,
TPMT,*7,*7,
TPMT,*8,*8,
TPMT,*9,*9,
UGT1A1,*1,*1,
UGT1A1,*27,*27,
UGT1A1,*28,*28,
UGT1A1,*36,*36,
UGT1A1,*37,*37,
UGT1A1,*6,*6,
UGT1A1,*80,*80,
UGT1A1,*80 + *28,*80 + *28,
UGT1A1,*80 + *37,*80 + *37,
VKORC1,Reference,rs9923231 reference (C),synonym
VKORC1,rs9923231,rs9923231 variant (T),synonym
VKORC1,rs9923231 reference (C),rs9923231 reference (C),
VKORC1,rs9923231 variant (T),rs9923231 variant (T),
